zip_code,refnis,pop_dens,income_1y,income_17y,province,commune,big_5_dist,big_15_dist
1000,21004,5948,15365.29,12417.6,Bruxelles,Bruxelles,0,0
1020,21004,5948,15365.29,12417.6,Bruxelles,Bruxelles,0,0
1030,21015,16504,14931.3,11765.45,Bruxelles,Schaerbeek,3,3
1040,21005,15681,18010.01,14054.76,Bruxelles,Etterbeek,5,5
1050,21009,13925,20531.96,15448.73,Bruxelles,Ixelles,3,3
1060,21013,19454,16719.87,12410.34,Bruxelles,Saint-Gilles,4,4
1070,21001,7066,13578.3,11679.31,Bruxelles,Anderlecht,2,2
1080,21012,16351,12608.65,10354.29,Bruxelles,Molenbeek-Saint-Jean,2,2
1081,21011,19161,14569.18,12667.51,Bruxelles,Koekelberg,3,3
1082,21003,8741,17842.49,15431.52,Bruxelles,Berchem-Sainte-Agathe,5,5
1083,21008,10487,17259.55,15141.22,Bruxelles,Ganshoren,4,4
1090,21010,10426,17226.63,14763.67,Bruxelles,Jette,4,4
1120,21004,5948,15365.29,12417.6,Bruxelles,Bruxelles,0,0
1130,21004,5948,15365.29,12417.6,Bruxelles,Bruxelles,0,0
1140,21006,8826,15962.89,13555.7,Bruxelles,Evere,8,8
1150,21019,4759,24490.32,19385.21,Bruxelles,Woluwe-Saint-Pierre,6,6
1160,21002,3942,22633.83,18015.96,Bruxelles,Auderghem,8,8
1170,21017,1950,23441.18,19322.61,Bruxelles,Watermael-Boitsfort,9,9
1180,21016,3794,24200.73,19236.1,Bruxelles,Uccle,8,8
1190,21007,9224,17638.57,14400.71,Bruxelles,Forest,7,7
1200,21018,8332,20266.11,16782.5,Bruxelles,Woluwe-Saint-Lambert,6,6
1210,21014,23173,11873.8,8980.9,Bruxelles,Saint-Josse-ten-Noode,2,2
1300,25112,844,24372.44,19664.18,Brabant Wallon,Wavre,33,23
1301,25112,844,24372.44,19664.18,Brabant Wallon,Wavre,33,23
1310,25050,485,27054.39,21347.76,Brabant Wallon,La Hulpe,28,25
1315,25043,145,24663.08,19753.04,Brabant Wallon,Incourt,48,24
1320,25005,187,26011.94,20642.11,Brabant Wallon,Beauvechain,38,14
1325,25018,244,29066.0,22295.19,Brabant Wallon,Chaumont-Gistoux,41,25
1330,25091,1315,26878.1,21446.86,Brabant Wallon,Rixensart,33,29
1331,25091,1315,26878.1,21446.86,Brabant Wallon,Rixensart,33,29
1332,25091,1315,26878.1,21446.86,Brabant Wallon,Rixensart,33,29
1340,25121,947,22936.74,18472.28,Brabant Wallon,Ottignies-Louvain-la-Neuve,39,30
1341,25121,947,22936.74,18472.28,Brabant Wallon,Ottignies-Louvain-la-Neuve,39,30
1342,25121,947,22936.74,18472.28,Brabant Wallon,Ottignies-Louvain-la-Neuve,39,30
1348,25121,947,22936.74,18472.28,Brabant Wallon,Ottignies-Louvain-la-Neuve,39,30
1350,25120,179,23571.52,18681.5,Brabant Wallon,Orp-Jauche,46,32
1357,25118,226,22660.27,18358.72,Brabant Wallon,Hélécine,48,27
1360,25084,189,24213.09,19277.89,Brabant Wallon,Perwez,43,22
1367,25122,136,23370.27,18647.34,Brabant Wallon,Ramillies,49,23
1370,25048,202,23205.5,18732.7,Brabant Wallon,Jodoigne,49,25
1380,25119,298,30525.78,24462.36,Brabant Wallon,Lasne,32,31
1390,25037,253,26823.58,21265.37,Brabant Wallon,Grez-Doiceau,40,16
1400,25072,477,24589.19,19687.81,Brabant Wallon,Nivelles,25,18
1401,25072,477,24589.19,19687.81,Brabant Wallon,Nivelles,25,18
1402,25072,477,24589.19,19687.81,Brabant Wallon,Nivelles,25,18
1404,25072,477,24589.19,19687.81,Brabant Wallon,Nivelles,25,18
1410,25110,1434,27684.57,21106.8,Brabant Wallon,Waterloo,29,29
1420,25014,773,25437.44,20394.34,Brabant Wallon,Braine-l’Alleud,30,30
1421,25014,773,25437.44,20394.34,Brabant Wallon,Braine-l’Alleud,30,30
1428,25014,773,25437.44,20394.34,Brabant Wallon,Braine-l’Alleud,30,30
1430,25123,283,21790.05,17682.38,Brabant Wallon,Rebecq,36,29
1435,25068,448,25432.71,20314.57,Brabant Wallon,Mont-Saint-Guibert,42,31
1440,25015,467,25255.22,19858.39,Brabant Wallon,Braine-le-Château,24,24
1450,25117,244,25327.1,19797.71,Brabant Wallon,Chastre,36,25
1457,25124,199,25952.55,20968.88,Brabant Wallon,Walhain,37,25
1460,25044,200,25029.65,19611.96,Brabant Wallon,Ittre,29,26
1461,25044,200,25029.65,19611.96,Brabant Wallon,Ittre,29,26
1470,25031,177,25255.12,19876.67,Brabant Wallon,Genappe,25,25
1471,25031,177,25255.12,19876.67,Brabant Wallon,Genappe,25,25
1472,25031,177,25255.12,19876.67,Brabant Wallon,Genappe,25,25
1473,25031,177,25255.12,19876.67,Brabant Wallon,Genappe,25,25
1474,25031,177,25255.12,19876.67,Brabant Wallon,Genappe,25,25
1476,25031,177,25255.12,19876.67,Brabant Wallon,Genappe,25,25
1480,25105,866,19744.71,16087.89,Brabant Wallon,Tubize,30,30
1490,25023,403,23709.85,19240.58,Brabant Wallon,Court-Saint-Etienne,37,33
1495,25107,231,24928.93,19697.49,Brabant Wallon,Villers-la-Ville,24,24
1500,23027,946,22785.31,18683.38,Vlaams Brabant,Halle,24,24
1501,23027,946,22785.31,18683.38,Vlaams Brabant,Halle,24,24
1502,23027,946,22785.31,18683.38,Vlaams Brabant,Halle,24,24
1540,23032,152,25480.52,20238.4,Vlaams Brabant,Herne,40,26
1541,23032,152,25480.52,20238.4,Vlaams Brabant,Herne,40,26
1547,23009,118,24184.24,19257.5,Vlaams Brabant,Bever,45,31
1560,23033,566,27451.74,21270.31,Vlaams Brabant,Hoeilaart,23,23
1570,23023,253,25262.95,20158.12,Vlaams Brabant,Galmaarden,40,26
1600,23077,898,20983.75,17807.82,Vlaams Brabant,Sint-Pieters-Leeuw,20,20
1601,23077,898,20983.75,17807.82,Vlaams Brabant,Sint-Pieters-Leeuw,20,20
1602,23077,898,20983.75,17807.82,Vlaams Brabant,Sint-Pieters-Leeuw,20,20
1620,23098,2381,19553.91,16239.63,Vlaams Brabant,Drogenbos,14,14
1630,23100,1115,26694.18,21175.59,Vlaams Brabant,Linkebeek,13,13
1640,23101,821,28711.0,22986.73,Vlaams Brabant,Sint-Genesius-Rode,17,17
1650,23003,871,24929.72,20595.92,Vlaams Brabant,Beersel,15,15
1651,23003,871,24929.72,20595.92,Vlaams Brabant,Beersel,15,15
1652,23003,871,24929.72,20595.92,Vlaams Brabant,Beersel,15,15
1653,23003,871,24929.72,20595.92,Vlaams Brabant,Beersel,15,15
1654,23003,871,24929.72,20595.92,Vlaams Brabant,Beersel,15,15
1670,23064,127,26616.74,20998.74,Vlaams Brabant,Pepingen,29,29
1671,23064,127,26616.74,20998.74,Vlaams Brabant,Pepingen,29,29
1673,23064,127,26616.74,20998.74,Vlaams Brabant,Pepingen,29,29
1674,23064,127,26616.74,20998.74,Vlaams Brabant,Pepingen,29,29
1700,23016,1081,24877.0,20855.89,Vlaams Brabant,Dilbeek,7,7
1701,23016,1081,24877.0,20855.89,Vlaams Brabant,Dilbeek,7,7
1702,23016,1081,24877.0,20855.89,Vlaams Brabant,Dilbeek,7,7
1703,23016,1081,24877.0,20855.89,Vlaams Brabant,Dilbeek,7,7
1730,23002,711,22710.06,19301.76,Vlaams Brabant,Asse,14,14
1731,23002,711,22710.06,19301.76,Vlaams Brabant,Asse,14,14
1740,23086,670,24935.85,20823.33,Vlaams Brabant,Ternat,17,17
1741,23086,670,24935.85,20823.33,Vlaams Brabant,Ternat,17,17
1742,23086,670,24935.85,20823.33,Vlaams Brabant,Ternat,17,17
1745,23060,746,25203.01,20377.82,Vlaams Brabant,Opwijk,24,13
1750,23104,304,26911.93,21862.64,Vlaams Brabant,Lennik,22,22
1755,23024,236,25889.08,20720.38,Vlaams Brabant,Gooik,25,22
1760,23097,545,25981.99,20403.09,Vlaams Brabant,Roosdaal,25,15
1761,23097,545,25981.99,20403.09,Vlaams Brabant,Roosdaal,25,15
1770,23044,1377,22369.88,18430.83,Vlaams Brabant,Liedekerke,23,11
1780,23102,2072,23592.69,20405.8,Vlaams Brabant,Wemmel,8,8
1785,23052,488,25280.5,20639.16,Vlaams Brabant,Merchtem,20,17
1790,23105,761,25337.44,20513.41,Vlaams Brabant,Affligem,19,8
1800,23088,2199,20046.02,16989.69,Vlaams Brabant,Vilvoorde,20,14
1804,23096,541,28445.64,22656.55,Vlaams Brabant,Zemst,19,6
1820,23081,535,25565.08,21333.82,Vlaams Brabant,Steenokkerzeel,18,15
1830,23047,1441,18827.82,16330.13,Vlaams Brabant,Machelen,10,10
1831,23047,1441,18827.82,16330.13,Vlaams Brabant,Machelen,10,10
1840,23045,531,25708.21,20547.24,Vlaams Brabant,Londerzeel,24,16
1850,23025,1030,24858.9,20965.19,Vlaams Brabant,Grimbergen,17,17
1851,23025,1030,24858.9,20965.19,Vlaams Brabant,Grimbergen,17,17
1852,23025,1030,24858.9,20965.19,Vlaams Brabant,Grimbergen,17,17
1853,23025,1030,24858.9,20965.19,Vlaams Brabant,Grimbergen,17,17
1860,23050,578,27524.56,22631.19,Vlaams Brabant,Meise,18,18
1861,23050,578,27524.56,22631.19,Vlaams Brabant,Meise,18,18
1880,23039,631,26298.44,20909.94,Vlaams Brabant,Kapelle-op-den-Bos,27,13
1910,23038,372,27636.23,22033.65,Vlaams Brabant,Kampenhout,22,14
1930,23094,1322,22176.53,18322.3,Vlaams Brabant,Zaventem,12,12
1931,23047,1441,18827.82,16330.13,Vlaams Brabant,Machelen,10,10
1932,23094,1322,22176.53,18322.3,Vlaams Brabant,Zaventem,12,12
1933,23094,1322,22176.53,18322.3,Vlaams Brabant,Zaventem,12,12
1950,23099,2392,25433.14,20467.97,Vlaams Brabant,Kraainem,10,10
1970,23103,2147,26883.9,21359.09,Vlaams Brabant,Wezembeek-Oppem,13,13
1980,23096,541,28445.64,22656.55,Vlaams Brabant,Zemst,19,6
1981,23096,541,28445.64,22656.55,Vlaams Brabant,Zemst,19,6
1982,23096,541,28445.64,22656.55,Vlaams Brabant,Zemst,19,6
2000,11002,2666,19091.86,15580.68,Antwerpen,Antwerpen,0,0
2018,11002,2666,19091.86,15580.68,Antwerpen,Antwerpen,0,0
2020,11002,2666,19091.86,15580.68,Antwerpen,Antwerpen,0,0
2030,11002,2666,19091.86,15580.68,Antwerpen,Antwerpen,0,0
2040,11002,2666,19091.86,15580.68,Antwerpen,Antwerpen,0,0
2050,11002,2666,19091.86,15580.68,Antwerpen,Antwerpen,0,0
2060,11002,2666,19091.86,15580.68,Antwerpen,Antwerpen,0,0
2070,11056,967,22994.36,19460.56,Antwerpen,Zwijndrecht,7,7
2100,11002,2666,19091.86,15580.68,Antwerpen,Antwerpen,0,0
2110,11050,1342,23956.07,19648.59,Antwerpen,Wijnegem,15,15
2140,11002,2666,19091.86,15580.68,Antwerpen,Antwerpen,0,0
2150,11007,2916,21435.22,18364.06,Antwerpen,Borsbeek,13,13
2160,11052,1028,24004.7,19364.93,Antwerpen,Wommelgem,15,15
2170,11002,2666,19091.86,15580.68,Antwerpen,Antwerpen,0,0
2180,11002,2666,19091.86,15580.68,Antwerpen,Antwerpen,0,0
2200,13011,602,23908.89,18842.91,Antwerpen,Herentals,39,39
2220,12014,513,23881.25,18677.99,Antwerpen,Heist-op-den-Berg,36,19
2221,12014,513,23881.25,18677.99,Antwerpen,Heist-op-den-Berg,36,19
2222,12014,513,23881.25,18677.99,Antwerpen,Heist-op-den-Berg,36,19
2223,12014,513,23881.25,18677.99,Antwerpen,Heist-op-den-Berg,36,19
2230,13013,283,23645.16,18382.35,Antwerpen,Herselt,48,30
2235,13016,609,23646.98,18510.63,Antwerpen,Hulshout,40,24
2240,11054,335,25037.23,19828.07,Antwerpen,Zandhoven,26,26
2242,11054,335,25037.23,19828.07,Antwerpen,Zandhoven,26,26
2243,11054,335,25037.23,19828.07,Antwerpen,Zandhoven,26,26
2250,13029,554,23555.18,18707.4,Antwerpen,Olen,41,41
2260,13049,462,23839.9,18935.55,Antwerpen,Westerlo,49,36
2270,13012,400,22972.89,18036.22,Antwerpen,Herenthout,36,28
2275,13019,285,23601.75,18547.9,Antwerpen,Lille,40,40
2280,13010,409,24857.76,19585.19,Antwerpen,Grobbendonk,34,32
2288,13010,409,24857.76,19585.19,Antwerpen,Grobbendonk,34,32
2290,13044,290,23511.14,18462.23,Antwerpen,Vorselaar,39,39
2300,13040,834,20234.53,17107.53,Antwerpen,Turnhout,49,49
2310,13037,268,21960.94,16988.67,Antwerpen,Rijkevorsel,35,35
2320,13014,211,21812.44,17245.92,Antwerpen,Hoogstraten,37,37
2321,13014,211,21812.44,17245.92,Antwerpen,Hoogstraten,37,37
2322,13014,211,21812.44,17245.92,Antwerpen,Hoogstraten,37,37
2323,13014,211,21812.44,17245.92,Antwerpen,Hoogstraten,37,37
2328,13014,211,21812.44,17245.92,Antwerpen,Hoogstraten,37,37
2330,13023,199,22583.46,17658.08,Antwerpen,Merksplas,48,48
2340,13004,497,24453.5,19113.99,Antwerpen,Beerse,44,44
2350,13046,997,24933.09,20632.95,Antwerpen,Vosselaar,46,46
2360,13031,378,24084.92,19597.56,Antwerpen,Oud-Turnhout,53,53
2370,13001,242,21614.43,16857.92,Antwerpen,Arendonk,60,60
2380,13035,163,20786.33,16675.36,Antwerpen,Ravels,62,62
2381,13035,163,20786.33,16675.36,Antwerpen,Ravels,62,62
2382,13035,163,20786.33,16675.36,Antwerpen,Ravels,62,62
2387,13002,404,19932.23,15313.68,Antwerpen,Baarle-Hertog,67,67
2390,11057,312,24352.95,18778.48,Antwerpen,Malle,32,32
2400,13025,336,23240.02,18410.54,Antwerpen,Mol,61,43
2430,13053,394,23466.46,18330.72,Antwerpen,Laakdal,57,32
2431,13053,394,23466.46,18330.72,Antwerpen,Laakdal,57,32
2440,13008,384,23688.28,18891.41,Antwerpen,Geel,51,40
2450,13021,284,23250.52,18274.81,Antwerpen,Meerhout,58,32
2460,13017,271,24659.04,19279.37,Antwerpen,Kasterlee,55,51
2470,13036,244,24082.45,17809.39,Antwerpen,Retie,59,59
2480,13006,360,21966.27,17517.08,Antwerpen,Dessel,63,55
2490,13003,322,22642.61,17849.82,Antwerpen,Balen,65,38
2491,13003,322,22642.61,17849.82,Antwerpen,Balen,65,38
2500,12021,766,23739.15,19013.15,Antwerpen,Lier,21,15
2520,11035,452,26093.33,20440.41,Antwerpen,Ranst,24,22
2530,11004,667,27017.12,21035.58,Antwerpen,Boechout,14,14
2531,11004,667,27017.12,21035.58,Antwerpen,Boechout,14,14
2540,11021,1396,30827.26,24366.52,Antwerpen,Hove,14,14
2547,11025,1505,27922.9,21228.14,Antwerpen,Lint,17,13
2550,11024,911,27583.79,21525.19,Antwerpen,Kontich,14,13
2560,12026,604,24079.55,18645.63,Antwerpen,Nijlen,29,24
2570,12009,799,24905.65,19679.16,Antwerpen,Duffel,22,9
2580,12029,537,24984.48,19256.49,Antwerpen,Putte,31,12
2590,12002,491,23433.12,18494.53,Antwerpen,Berlaar,29,17
2600,11002,2666,19091.86,15580.68,Antwerpen,Antwerpen,0,0
2610,11002,2666,19091.86,15580.68,Antwerpen,Antwerpen,0,0
2620,11018,2261,22469.4,18146.52,Antwerpen,Hemiksem,14,14
2627,11038,1100,24740.52,19689.98,Antwerpen,Schelle,14,14
2630,11001,1351,27086.4,22422.2,Antwerpen,Aartselaar,11,11
2640,11029,3415,24519.33,20079.54,Antwerpen,Mortsel,11,11
2650,11013,2639,26633.14,21925.96,Antwerpen,Edegem,12,12
2660,11002,2666,19091.86,15580.68,Antwerpen,Antwerpen,0,0
2800,12025,1357,22812.05,18311.57,Antwerpen,Mechelen,25,0
2801,12025,1357,22812.05,18311.57,Antwerpen,Mechelen,25,0
2811,12025,1357,22812.05,18311.57,Antwerpen,Mechelen,25,0
2812,12025,1357,22812.05,18311.57,Antwerpen,Mechelen,25,0
2820,12005,529,29606.74,23307.34,Antwerpen,Bonheiden,29,6
2830,12040,1032,21746.33,17749.11,Antwerpen,Willebroek,20,11
2840,11037,771,25537.73,20367.37,Antwerpen,Rumst,16,12
2845,11030,2051,22249.06,17566.61,Antwerpen,Niel,17,17
2850,11005,2632,20251.22,16712.42,Antwerpen,Boom,16,14
2860,12035,602,25334.74,19923.95,Antwerpen,Sint-Katelijne-Waver,29,6
2861,12035,602,25334.74,19923.95,Antwerpen,Sint-Katelijne-Waver,29,6
2870,12041,548,25704.18,20023.93,Antwerpen,Puurs-Sint-Amands,25,16
2880,12007,477,26108.87,20239.77,Antwerpen,Bornem,28,12
2890,12041,548,25704.18,20023.93,Antwerpen,Puurs-Sint-Amands,25,16
2900,11040,1173,25664.51,20198.71,Antwerpen,Schoten,10,10
2910,11016,412,22312.13,17379.93,Antwerpen,Essen,36,36
2920,11022,331,25680.52,19582.68,Antwerpen,Kalmthout,22,22
2930,11008,997,26412.35,21408.75,Antwerpen,Brasschaat,12,12
2940,11044,878,25574.96,20253.96,Antwerpen,Stabroek,17,17
2950,11023,746,28045.67,21860.53,Antwerpen,Kapellen,13,13
2960,11009,334,24991.85,19547.04,Antwerpen,Brecht,25,25
2970,11039,563,30192.6,23788.93,Antwerpen,Schilde,21,21
2980,11055,583,26330.41,20884.37,Antwerpen,Zoersel,26,26
2990,11053,243,23180.22,17921.28,Antwerpen,Wuustwezel,26,26
3000,24062,1808,24821.1,19934.21,Vlaams Brabant,Leuven,27,0
3001,24062,1808,24821.1,19934.21,Vlaams Brabant,Leuven,27,0
3010,24062,1808,24821.1,19934.21,Vlaams Brabant,Leuven,27,0
3012,24062,1808,24821.1,19934.21,Vlaams Brabant,Leuven,27,0
3018,24062,1808,24821.1,19934.21,Vlaams Brabant,Leuven,27,0
3020,24038,702,28925.06,23165.17,Vlaams Brabant,Herent,25,7
3040,24045,252,27628.94,21537.58,Vlaams Brabant,Huldenberg,28,15
3050,24086,367,31285.03,24575.02,Vlaams Brabant,Oud-Heverlee,31,6
3051,24086,367,31285.03,24575.02,Vlaams Brabant,Oud-Heverlee,31,6
3052,24086,367,31285.03,24575.02,Vlaams Brabant,Oud-Heverlee,31,6
3053,24086,367,31285.03,24575.02,Vlaams Brabant,Oud-Heverlee,31,6
3054,24086,367,31285.03,24575.02,Vlaams Brabant,Oud-Heverlee,31,6
3060,24009,341,28303.05,21940.87,Vlaams Brabant,Bertem,21,7
3061,24009,341,28303.05,21940.87,Vlaams Brabant,Bertem,21,7
3070,24055,609,27002.25,21688.85,Vlaams Brabant,Kortenberg,15,14
3071,24055,609,27002.25,21688.85,Vlaams Brabant,Kortenberg,15,14
3078,24055,609,27002.25,21688.85,Vlaams Brabant,Kortenberg,15,14
3080,24104,686,28176.62,21473.42,Vlaams Brabant,Tervuren,17,17
3090,23062,577,28285.52,21928.57,Vlaams Brabant,Overijse,24,20
3110,24094,474,27765.98,21719.3,Vlaams Brabant,Rotselaar,34,12
3111,24094,474,27765.98,21719.3,Vlaams Brabant,Rotselaar,34,12
3118,24094,474,27765.98,21719.3,Vlaams Brabant,Rotselaar,34,12
3120,24109,704,26648.68,20506.4,Vlaams Brabant,Tremelo,41,17
3128,24109,704,26648.68,20506.4,Vlaams Brabant,Tremelo,41,17
3130,24007,601,25485.27,20073.22,Vlaams Brabant,Begijnendijk,42,25
3140,24048,717,32128.69,25261.07,Vlaams Brabant,Keerbergen,37,12
3150,24033,504,27203.02,21111.78,Vlaams Brabant,Haacht,29,15
3190,24014,711,27470.88,22328.41,Vlaams Brabant,Boortmeerbeek,28,9
3191,24014,711,27470.88,22328.41,Vlaams Brabant,Boortmeerbeek,28,9
3200,24001,493,24933.56,19625.02,Vlaams Brabant,Aarschot,43,21
3201,24001,493,24933.56,19625.02,Vlaams Brabant,Aarschot,43,21
3202,24001,493,24933.56,19625.02,Vlaams Brabant,Aarschot,43,21
3210,24066,334,28627.58,23203.78,Vlaams Brabant,Lubbeek,38,13
3211,24066,334,28627.58,23203.78,Vlaams Brabant,Lubbeek,38,13
3212,24066,334,28627.58,23203.78,Vlaams Brabant,Lubbeek,38,13
3220,24043,263,28393.85,21751.44,Vlaams Brabant,Holsbeek,38,14
3221,24043,263,28393.85,21751.44,Vlaams Brabant,Holsbeek,38,14
3270,24134,469,23861.91,18919.87,Vlaams Brabant,Scherpenheuvel-Zichem,52,27
3271,24134,469,23861.91,18919.87,Vlaams Brabant,Scherpenheuvel-Zichem,52,27
3272,24134,469,23861.91,18919.87,Vlaams Brabant,Scherpenheuvel-Zichem,52,27
3290,24020,425,24169.74,19206.45,Vlaams Brabant,Diest,56,23
3293,24020,425,24169.74,19206.45,Vlaams Brabant,Diest,56,23
3294,24020,425,24169.74,19206.45,Vlaams Brabant,Diest,56,23
3300,24107,502,22889.08,18742.97,Vlaams Brabant,Tienen,46,20
3320,24041,201,27160.94,21069.02,Vlaams Brabant,Hoegaarden,47,24
3321,24041,201,27160.94,21069.02,Vlaams Brabant,Hoegaarden,47,24
3350,24133,198,24602.13,19270.11,Vlaams Brabant,Linter,43,27
3360,24011,270,29279.98,23250.54,Vlaams Brabant,Bierbeek,32,8
3370,24016,277,27705.39,21607.85,Vlaams Brabant,Boutersem,36,13
3380,24137,200,26105.77,19963.57,Vlaams Brabant,Glabbeek,50,25
3381,24137,200,26105.77,19963.57,Vlaams Brabant,Glabbeek,50,25
3384,24137,200,26105.77,19963.57,Vlaams Brabant,Glabbeek,50,25
3390,24135,260,25138.12,20028.45,Vlaams Brabant,Tielt-Winge,45,20
3391,24135,260,25138.12,20028.45,Vlaams Brabant,Tielt-Winge,45,20
3400,24059,307,24093.77,19221.99,Vlaams Brabant,Landen,42,30
3401,24059,307,24093.77,19221.99,Vlaams Brabant,Landen,42,30
3404,24059,307,24093.77,19221.99,Vlaams Brabant,Landen,42,30
3440,24130,186,23828.13,18660.04,Vlaams Brabant,Zoutleeuw,40,24
3450,24028,176,22586.23,17837.92,Vlaams Brabant,Geetbets,49,23
3454,24028,176,22586.23,17837.92,Vlaams Brabant,Geetbets,49,23
3460,24008,181,24499.18,18991.56,Vlaams Brabant,Bekkevoort,49,24
3461,24008,181,24499.18,18991.56,Vlaams Brabant,Bekkevoort,49,24
3470,24054,160,24101.22,18632.91,Vlaams Brabant,Kortenaken,56,24
3471,24054,160,24101.22,18632.91,Vlaams Brabant,Kortenaken,56,24
3472,24054,160,24101.22,18632.91,Vlaams Brabant,Kortenaken,56,24
3473,24054,160,24101.22,18632.91,Vlaams Brabant,Kortenaken,56,24
3500,71022,787,24621.15,19559.57,Limburg,Hasselt,51,0
3501,71022,787,24621.15,19559.57,Limburg,Hasselt,51,0
3510,71022,787,24621.15,19559.57,Limburg,Hasselt,51,0
3511,71022,787,24621.15,19559.57,Limburg,Hasselt,51,0
3512,71022,787,24621.15,19559.57,Limburg,Hasselt,51,0
3520,71066,550,23768.16,18336.69,Limburg,Zonhoven,60,8
3530,72039,394,20225.24,15858.86,Limburg,Houthalen-Helchteren,64,13
3540,71024,298,24234.73,18753.94,Limburg,Herk-de-Stad,50,14
3545,71020,260,24175.9,18255.48,Limburg,Halen,62,17
3550,71070,655,20938.51,16538.53,Limburg,Heusden-Zolder,66,13
3560,71037,285,24053.78,18772.7,Limburg,Lummen,63,14
3570,73001,422,24384.62,18856.78,Limburg,Alken,46,7
3580,71004,615,20786.4,16413.61,Limburg,Beringen,70,19
3581,71004,615,20786.4,16413.61,Limburg,Beringen,70,19
3582,71004,615,20786.4,16413.61,Limburg,Beringen,70,19
3583,71004,615,20786.4,16413.61,Limburg,Beringen,70,19
3590,71011,473,23655.56,18572.3,Limburg,Diepenbeek,45,7
3600,71016,775,19965.99,15723.88,Limburg,Genk,53,14
3620,73042,447,22354.28,17683.41,Limburg,Lanaken,37,28
3621,73042,447,22354.28,17683.41,Limburg,Lanaken,37,28
3630,73107,523,18883.51,14962.61,Limburg,Maasmechelen,46,31
3631,73107,523,18883.51,14962.61,Limburg,Maasmechelen,46,31
3640,72018,226,20706.29,16020.61,Limburg,Kinrooi,69,47
3650,72041,323,20663.54,16168.22,Limburg,Dilsen-Stokkem,54,33
3660,72042,205,22254.58,17147.44,Limburg,Oudsbergen,68,27
3665,71002,373,23316.32,17869.51,Limburg,As,55,23
3668,71002,373,23316.32,17869.51,Limburg,As,55,23
3670,72042,205,22254.58,17147.44,Limburg,Oudsbergen,68,27
3680,72021,334,21848.04,17029.35,Limburg,Maaseik,62,42
3690,71067,229,23530.55,18417.69,Limburg,Zutendaal,46,20
3700,73083,365,22066.48,17722.74,Limburg,Tongeren,24,20
3717,73028,56,24952.98,19403.11,Limburg,Herstappe,16,16
3720,73040,257,23556.18,18589.12,Limburg,Kortessem,43,9
3721,73040,257,23556.18,18589.12,Limburg,Kortessem,43,9
3722,73040,257,23556.18,18589.12,Limburg,Kortessem,43,9
3723,73040,257,23556.18,18589.12,Limburg,Kortessem,43,9
3724,73040,257,23556.18,18589.12,Limburg,Kortessem,43,9
3730,73032,334,23188.06,17829.95,Limburg,Hoeselt,35,16
3732,73032,334,23188.06,17829.95,Limburg,Hoeselt,35,16
3740,73006,431,22571.2,17468.52,Limburg,Bilzen,38,15
3742,73006,431,22571.2,17468.52,Limburg,Bilzen,38,15
3746,73006,431,22571.2,17468.52,Limburg,Bilzen,38,15
3770,73066,291,22170.21,17096.59,Limburg,Riemst,33,25
3790,73109,87,22148.54,16744.09,Limburg,Voeren,22,22
3791,73109,87,22148.54,16744.09,Limburg,Voeren,22,22
3792,73109,87,22148.54,16744.09,Limburg,Voeren,22,22
3793,73109,87,22148.54,16744.09,Limburg,Voeren,22,22
3798,73109,87,22148.54,16744.09,Limburg,Voeren,22,22
3800,71053,387,22567.37,17966.91,Limburg,Sint-Truiden,35,18
3803,71053,387,22567.37,17966.91,Limburg,Sint-Truiden,35,18
3806,71053,387,22567.37,17966.91,Limburg,Sint-Truiden,35,18
3830,73098,279,23988.46,18250.51,Limburg,Wellen,40,12
3831,73098,279,23988.46,18250.51,Limburg,Wellen,40,12
3832,73098,279,23988.46,18250.51,Limburg,Wellen,40,12
3840,73009,225,22523.51,17823.75,Limburg,Borgloon,31,17
3850,71045,324,22765.08,17812.75,Limburg,Nieuwerkerken,40,16
3870,73022,143,22128.23,17175.85,Limburg,Heers,24,24
3890,71017,154,23787.95,18443.85,Limburg,Gingelom,39,26
3891,71017,154,23787.95,18443.85,Limburg,Gingelom,39,26
3900,72043,410,21613.6,17148.03,Limburg,Pelt,86,37
3910,72043,410,21613.6,17148.03,Limburg,Pelt,86,37
3920,72020,341,21722.98,17058.86,Limburg,Lommel,76,42
3930,72037,331,20487.83,15948.24,Limburg,Hamont-Achel,101,47
3940,72038,169,21425.87,17013.51,Limburg,Hechtel-Eksel,77,23
3941,72038,169,21425.87,17013.51,Limburg,Hechtel-Eksel,77,23
3945,71069,345,22952.89,17798.19,Limburg,Ham,62,27
3950,72003,231,20631.39,16127.87,Limburg,Bocholt,84,41
3960,72004,261,21678.31,17107.92,Limburg,Bree,77,38
3970,71034,734,20936.42,16715.86,Limburg,Leopoldsburg,71,28
3971,71034,734,20936.42,16715.86,Limburg,Leopoldsburg,71,28
3980,71057,368,23913.95,18812.68,Limburg,Tessenderlo,60,27
3990,72030,190,21835.67,17091.29,Limburg,Peer,75,27
4000,62063,2851,17783.85,14400.15,Liège,Liège,0,0
4020,62063,2851,17783.85,14400.15,Liège,Liège,0,0
4030,62063,2851,17783.85,14400.15,Liège,Liège,0,0
4031,62063,2851,17783.85,14400.15,Liège,Liège,0,0
4032,62063,2851,17783.85,14400.15,Liège,Liège,0,0
4040,62051,1747,17373.22,14040.46,Liège,Herstal,5,5
4041,62051,1747,17373.22,14040.46,Liège,Herstal,5,5
4042,62051,1747,17373.22,14040.46,Liège,Herstal,5,5
4050,62022,809,27314.44,21950.84,Liège,Chaudfontaine,8,8
4051,62022,809,27314.44,21950.84,Liège,Chaudfontaine,8,8
4052,62022,809,27314.44,21950.84,Liège,Chaudfontaine,8,8
4053,62022,809,27314.44,21950.84,Liège,Chaudfontaine,8,8
4100,62096,1823,16833.47,13707.81,Liège,Seraing,8,8
4101,62096,1823,16833.47,13707.81,Liège,Seraing,8,8
4102,62096,1823,16833.47,13707.81,Liège,Seraing,8,8
4120,62121,315,28245.16,22418.84,Liège,Neupré,18,18
4121,62121,315,28245.16,22418.84,Liège,Neupré,18,18
4122,62121,315,28245.16,22418.84,Liège,Neupré,18,18
4130,62032,375,26209.76,20339.69,Liège,Esneux,18,18
4140,62100,203,24802.78,19474.46,Liège,Sprimont,20,20
4141,62100,203,24802.78,19474.46,Liège,Sprimont,20,20
4160,61079,113,23908.01,18880.27,Liège,Anthisnes,28,28
4161,61079,113,23908.01,18880.27,Liège,Anthisnes,28,28
4162,61079,113,23908.01,18880.27,Liège,Anthisnes,28,28
4163,61079,113,23908.01,18880.27,Liège,Anthisnes,28,28
4170,62026,235,19801.71,15814.61,Liège,Comblain-au-Pont,28,28
4171,62026,235,19801.71,15814.61,Liège,Comblain-au-Pont,28,28
4180,61024,136,21033.42,16477.53,Liège,Hamoir,37,37
4181,61024,136,21033.42,16477.53,Liège,Hamoir,37,37
4190,61019,89,22672.42,17720.22,Liège,Ferrières,37,37
4210,61010,101,25041.34,19117.5,Liège,Burdinne,45,21
4217,61028,145,24009.92,18183.15,Liège,Héron,41,25
4218,61028,145,24009.92,18183.15,Liège,Héron,41,25
4219,64075,128,22508.96,17321.9,Liège,Wasseiges,47,24
4250,64029,150,24526.51,18981.86,Liège,Geer,34,34
4252,64029,150,24526.51,18981.86,Liège,Geer,34,34
4253,64029,150,24526.51,18981.86,Liège,Geer,34,34
4254,64029,150,24526.51,18981.86,Liège,Geer,34,34
4257,64008,230,23345.06,18475.3,Liège,Berloz,30,30
4260,64015,148,23330.05,18439.03,Liège,Braives,37,31
4261,64015,148,23330.05,18439.03,Liège,Braives,37,31
4263,64015,148,23330.05,18439.03,Liège,Braives,37,31
4280,64034,198,24231.18,18541.74,Liège,Hannut,41,31
4287,64047,229,23134.9,18612.99,Liège,Lincent,42,32
4300,64074,501,22780.63,18174.46,Liège,Waremme,26,26
4317,64076,144,25169.46,19680.36,Liège,Faimes,29,29
4340,62006,343,23193.29,18435.72,Liège,Awans,9,9
4342,62006,343,23193.29,18435.72,Liège,Awans,9,9
4347,64025,176,23710.66,18861.05,Liège,Fexhe-le-Haut-Clocher,14,14
4350,64063,263,24546.65,19075.14,Liège,Remicourt,23,23
4351,64063,263,24546.65,19075.14,Liège,Remicourt,23,23
4357,64023,132,26146.76,20027.14,Liège,Donceel,22,22
4360,64056,206,23003.2,18349.37,Liège,Oreye,19,19
4367,64021,208,24527.25,19290.07,Liège,Crisnée,15,15
4400,62120,738,19262.46,15446.67,Liège,Flémalle,12,12
4420,62093,3546,16307.96,13193.13,Liège,Saint-Nicolas,4,4
4430,62003,1241,19156.87,15908.11,Liège,Ans,6,6
4431,62003,1241,19156.87,15908.11,Liège,Ans,6,6
4432,62003,1241,19156.87,15908.11,Liège,Ans,6,6
4450,62060,274,23425.89,18550.98,Liège,Juprelle,11,11
4451,62060,274,23425.89,18550.98,Liège,Juprelle,11,11
4452,62060,274,23425.89,18550.98,Liège,Juprelle,11,11
4453,62060,274,23425.89,18550.98,Liège,Juprelle,11,11
4458,62060,274,23425.89,18550.98,Liège,Juprelle,11,11
4460,62118,680,18197.38,14772.24,Liège,Grâce-Hollogne,9,9
4470,64065,345,21296.74,16679.52,Liège,Saint-Georges-sur-Meuse,21,21
4480,61080,226,18809.75,14867.7,Liège,Engis,19,19
4500,61031,455,20272.73,16156.9,Liège,Huy,34,32
4520,61072,318,22854.09,18033.68,Liège,Wanze,34,30
4530,61068,208,23691.75,18290.05,Liège,Villers-Le-Bouillet,29,29
4537,61063,178,25443.93,19172.69,Liège,Verlaine,22,22
4540,61003,525,20208.24,16098.55,Liège,Amay,25,25
4550,61043,159,27398.0,21662.93,Liège,Nandrin,24,24
4557,61081,74,24501.49,18938.09,Liège,Tinlot,28,28
4560,61012,62,22861.77,17706.32,Liège,Clavier,37,37
4570,61039,186,22856.53,17472.39,Liège,Marchin,39,35
4577,61041,104,23538.67,18487.37,Liège,Modave,33,33
4590,61048,69,22520.91,17318.2,Liège,Ouffet,34,34
4600,62108,654,20881.08,16252.8,Liège,Visé,16,16
4601,62108,654,20881.08,16252.8,Liège,Visé,16,16
4602,62108,654,20881.08,16252.8,Liège,Visé,16,16
4606,62027,213,23972.36,19038.4,Liège,Dalhem,19,19
4607,62027,213,23972.36,19038.4,Liège,Dalhem,19,19
4608,62027,213,23972.36,19038.4,Liège,Dalhem,19,19
4610,62015,1649,19343.51,15569.32,Liège,Beyne-Heusay,7,7
4620,62038,1197,20705.67,16283.5,Liège,Fléron,9,9
4621,62038,1197,20705.67,16283.5,Liège,Fléron,9,9
4623,62038,1197,20705.67,16283.5,Liège,Fléron,9,9
4624,62038,1197,20705.67,16283.5,Liège,Fléron,9,9
4630,62099,638,21663.01,17034.16,Liège,Soumagne,13,13
4631,62099,638,21663.01,17034.16,Liège,Soumagne,13,13
4632,62099,638,21663.01,17034.16,Liège,Soumagne,13,13
4633,62099,638,21663.01,17034.16,Liège,Soumagne,13,13
4650,63035,314,22313.86,17773.83,Liège,Herve,18,18
4651,63035,314,22313.86,17773.83,Liège,Herve,18,18
4652,63035,314,22313.86,17773.83,Liège,Herve,18,18
4653,63035,314,22313.86,17773.83,Liège,Herve,18,18
4654,63035,314,22313.86,17773.83,Liège,Herve,18,18
4670,62119,516,23376.46,18551.6,Liège,Blegny,14,14
4671,62119,516,23376.46,18551.6,Liège,Blegny,14,14
4672,62119,516,23376.46,18551.6,Liège,Blegny,14,14
4680,62079,713,20488.71,16576.86,Liège,Oupeye,14,14
4681,62079,713,20488.71,16576.86,Liège,Oupeye,14,14
4682,62079,713,20488.71,16576.86,Liège,Oupeye,14,14
4683,62079,713,20488.71,16576.86,Liège,Oupeye,14,14
4684,62079,713,20488.71,16576.86,Liège,Oupeye,14,14
4690,62011,236,21477.54,17180.41,Liège,Bassenge,23,23
4700,63023,209,20937.66,17037.73,Liège,Eupen,36,36
4701,63023,209,20937.66,17037.73,Liège,Eupen,36,36
4710,63048,211,20885.03,16939.64,Liège,Lontzen,34,34
4711,63048,211,20885.03,16939.64,Liège,Lontzen,34,34
4720,63040,629,19382.65,15220.87,Liège,La Calamine,37,37
4721,63040,629,19382.65,15220.87,Liège,La Calamine,37,37
4728,63040,629,19382.65,15220.87,Liège,La Calamine,37,37
4730,63061,152,22751.5,18234.61,Liège,Raeren,45,45
4731,63061,152,22751.5,18234.61,Liège,Raeren,45,45
4750,63013,58,20421.48,15422.16,Liège,Butgenbach,67,67
4760,63012,36,21401.81,15386.79,Liège,Bullange,73,73
4761,63012,36,21401.81,15386.79,Liège,Bullange,73,73
4770,63001,44,20959.93,15715.14,Liège,Amblève,72,72
4771,63001,44,20959.93,15715.14,Liège,Amblève,72,72
4780,63067,68,22409.82,16934.17,Liège,Saint-Vith,74,74
4782,63067,68,22409.82,16934.17,Liège,Saint-Vith,74,74
4783,63067,68,22409.82,16934.17,Liège,Saint-Vith,74,74
4784,63067,68,22409.82,16934.17,Liège,Saint-Vith,74,74
4790,63087,36,21439.22,15712.56,Liège,Burg-Reuland,81,81
4791,63087,36,21439.22,15712.56,Liège,Burg-Reuland,81,81
4800,63079,1689,16902.39,13765.5,Liège,Verviers,29,29
4801,63079,1689,16902.39,13765.5,Liège,Verviers,29,29
4802,63079,1689,16902.39,13765.5,Liège,Verviers,29,29
4820,63020,1092,14457.87,12128.09,Liège,Dison,24,24
4821,63020,1092,14457.87,12128.09,Liège,Dison,24,24
4830,63046,229,20951.77,16181.98,Liège,Limbourg,31,31
4831,63046,229,20951.77,16181.98,Liège,Limbourg,31,31
4834,63046,229,20951.77,16181.98,Liège,Limbourg,31,31
4837,63004,52,22156.08,17487.54,Liège,Baelen,33,33
4840,63084,423,20878.9,16810.02,Liège,Welkenraedt,33,33
4841,63084,423,20878.9,16810.02,Liège,Welkenraedt,33,33
4845,63038,82,24711.08,19061.0,Liège,Jalhay,37,37
4850,63088,202,19761.92,15717.07,Liège,Plombières,38,38
4851,63088,202,19761.92,15717.07,Liège,Plombières,38,38
4852,63088,202,19761.92,15717.07,Liège,Plombières,38,38
4860,63058,372,20092.38,15906.79,Liège,Pepinster,26,26
4861,63058,372,20092.38,15906.79,Liège,Pepinster,26,26
4870,62122,332,22119.79,17238.0,Liège,Trooz,13,13
4877,63057,258,26323.62,20614.29,Liège,Olne,16,16
4880,63003,225,23227.85,17904.46,Liège,Aubel,28,28
4890,63089,195,23409.84,18215.89,Liège,Thimister-Clermont,24,24
4900,63072,246,21119.77,16699.71,Liège,Spa,36,36
4910,63076,144,23888.12,18453.02,Liège,Theux,28,28
4920,62009,161,21721.46,16905.86,Liège,Aywaille,24,24
4950,63080,77,20606.39,15845.85,Liège,Waimes,63,63
4960,63049,129,20981.01,16414.94,Liège,Malmedy,55,55
4970,63073,85,20910.97,16262.08,Liège,Stavelot,52,52
4980,63086,37,20565.46,16097.43,Liège,Trois-Ponts,53,53
4983,63086,37,20565.46,16097.43,Liège,Trois-Ponts,53,53
4987,63075,29,22866.76,17731.25,Liège,Stoumont,41,41
4990,63045,39,20964.79,16323.25,Liège,Lierneux,54,54
5000,92094,648,21294.04,17338.31,Namur,Namur,37,0
5001,92094,648,21294.04,17338.31,Namur,Namur,37,0
5002,92094,648,21294.04,17338.31,Namur,Namur,37,0
5003,92094,648,21294.04,17338.31,Namur,Namur,37,0
5004,92094,648,21294.04,17338.31,Namur,Namur,37,0
5020,92094,648,21294.04,17338.31,Namur,Namur,37,0
5021,92094,648,21294.04,17338.31,Namur,Namur,37,0
5022,92094,648,21294.04,17338.31,Namur,Namur,37,0
5024,92094,648,21294.04,17338.31,Namur,Namur,37,0
5030,92142,274,23923.25,19047.28,Namur,Gembloux,27,18
5031,92142,274,23923.25,19047.28,Namur,Gembloux,27,18
5032,92142,274,23923.25,19047.28,Namur,Gembloux,27,18
5060,92137,834,19243.11,15443.36,Namur,Sambreville,17,17
5070,92048,164,21433.32,16680.05,Namur,Fosses-la-Ville,24,18
5080,92141,176,26015.97,20143.06,Namur,La Bruyère,33,9
5081,92141,176,26015.97,20143.06,Namur,La Bruyère,33,9
5100,92094,648,21294.04,17338.31,Namur,Namur,37,0
5101,92094,648,21294.04,17338.31,Namur,Namur,37,0
5140,92114,233,22761.67,17807.67,Namur,Sombreffe,21,21
5150,92045,206,23295.64,18143.53,Namur,Floreffe,28,10
5170,92101,244,24001.98,18739.96,Namur,Profondeville,40,12
5190,92140,409,21258.99,16555.76,Namur,Jemeppe-sur-Sambre,19,17
5300,92003,327,20501.16,15819.74,Namur,Andenne,47,20
5310,92035,163,23919.14,18891.71,Namur,Eghezée,44,15
5330,92006,93,23707.34,19027.06,Namur,Assesse,56,17
5332,92006,93,23707.34,19027.06,Namur,Assesse,56,17
5333,92006,93,23707.34,19027.06,Namur,Assesse,56,17
5334,92006,93,23707.34,19027.06,Namur,Assesse,56,17
5336,92006,93,23707.34,19027.06,Namur,Assesse,56,17
5340,92054,115,24427.82,18609.41,Namur,Gesves,59,20
5350,92097,92,21852.46,16776.95,Namur,Ohey,50,24
5351,92097,92,21852.46,16776.95,Namur,Ohey,50,24
5352,92097,92,21852.46,16776.95,Namur,Ohey,50,24
5353,92097,92,21852.46,16776.95,Namur,Ohey,50,24
5354,92097,92,21852.46,16776.95,Namur,Ohey,50,24
5360,91059,97,21840.12,17150.52,Namur,Hamois,55,26
5361,91059,97,21840.12,17150.52,Namur,Hamois,55,26
5362,91059,97,21840.12,17150.52,Namur,Hamois,55,26
5363,91059,97,21840.12,17150.52,Namur,Hamois,55,26
5364,91059,97,21840.12,17150.52,Namur,Hamois,55,26
5370,91064,51,20845.19,16214.13,Namur,Havelange,44,36
5372,91064,51,20845.19,16214.13,Namur,Havelange,44,36
5374,91064,51,20845.19,16214.13,Namur,Havelange,44,36
5376,91064,51,20845.19,16214.13,Namur,Havelange,44,36
5377,91120,64,21073.73,16022.21,Namur,Somme-Leuze,51,45
5380,92138,124,24386.69,18950.25,Namur,Fernelmont,49,15
5500,91034,133,19336.05,15356.06,Namur,Dinant,56,28
5501,91034,133,19336.05,15356.06,Namur,Dinant,56,28
5502,91034,133,19336.05,15356.06,Namur,Dinant,56,28
5503,91034,133,19336.05,15356.06,Namur,Dinant,56,28
5504,91034,133,19336.05,15356.06,Namur,Dinant,56,28
5520,91103,49,20941.91,16288.7,Namur,Onhaye,50,34
5521,91103,49,20941.91,16288.7,Namur,Onhaye,50,34
5522,91103,49,20941.91,16288.7,Namur,Onhaye,50,34
5523,91103,49,20941.91,16288.7,Namur,Onhaye,50,34
5524,91103,49,20941.91,16288.7,Namur,Onhaye,50,34
5530,91141,159,23014.11,18148.05,Namur,Yvoir,58,20
5537,91005,108,21095.63,16236.98,Namur,Anhée,60,21
5540,91142,108,18335.2,14341.83,Namur,Hastière,51,38
5541,91142,108,18335.2,14341.83,Namur,Hastière,51,38
5542,91142,108,18335.2,14341.83,Namur,Hastière,51,38
5543,91142,108,18335.2,14341.83,Namur,Hastière,51,38
5544,91142,108,18335.2,14341.83,Namur,Hastière,51,38
5550,91143,24,19085.93,14399.07,Namur,Vresse-sur-Semois,131,83
5555,91015,31,18564.63,14663.18,Namur,Bièvre,84,71
5560,91072,42,20056.4,15863.16,Namur,Houyet,67,42
5561,91072,42,20056.4,15863.16,Namur,Houyet,67,42
5562,91072,42,20056.4,15863.16,Namur,Houyet,67,42
5563,91072,42,20056.4,15863.16,Namur,Houyet,67,42
5564,91072,42,20056.4,15863.16,Namur,Houyet,67,42
5570,91013,54,19049.71,15057.94,Namur,Beauraing,60,48
5571,91013,54,19049.71,15057.94,Namur,Beauraing,60,48
5572,91013,54,19049.71,15057.94,Namur,Beauraing,60,48
5573,91013,54,19049.71,15057.94,Namur,Beauraing,60,48
5574,91013,54,19049.71,15057.94,Namur,Beauraing,60,48
5575,91054,30,19207.69,15115.73,Namur,Gedinne,79,66
5576,91013,54,19049.71,15057.94,Namur,Beauraing,60,48
5580,91114,76,19990.61,15527.73,Namur,Rochefort,70,52
5590,91030,116,20945.0,16514.5,Namur,Ciney,58,28
5600,93056,60,19934.97,15650.57,Namur,Philippeville,27,27
5620,93022,84,20110.41,15967.87,Namur,Florennes,28,28
5621,93022,84,20110.41,15967.87,Namur,Florennes,28,28
5630,93010,59,20720.7,15608.46,Namur,Cerfontaine,32,32
5640,92087,115,22085.35,16921.08,Namur,Mettet,31,28
5641,92087,115,22085.35,16921.08,Namur,Mettet,31,28
5644,92087,115,22085.35,16921.08,Namur,Mettet,31,28
5646,92087,115,22085.35,16921.08,Namur,Mettet,31,28
5650,93088,149,22169.19,17449.21,Namur,Walcourt,21,21
5651,93088,149,22169.19,17449.21,Namur,Walcourt,21,21
5660,93014,67,18264.12,14339.03,Namur,Couvin,44,44
5670,93090,46,18853.42,14483.74,Namur,Viroinval,44,44
5680,93018,35,19198.47,14780.01,Namur,Doische,45,45
6000,52011,1984,15641.35,12967.31,Hainaut,Charleroi,0,0
6001,52011,1984,15641.35,12967.31,Hainaut,Charleroi,0,0
6010,52011,1984,15641.35,12967.31,Hainaut,Charleroi,0,0
6020,52011,1984,15641.35,12967.31,Hainaut,Charleroi,0,0
6030,52011,1984,15641.35,12967.31,Hainaut,Charleroi,0,0
6031,52011,1984,15641.35,12967.31,Hainaut,Charleroi,0,0
6032,52011,1984,15641.35,12967.31,Hainaut,Charleroi,0,0
6040,52011,1984,15641.35,12967.31,Hainaut,Charleroi,0,0
6041,52011,1984,15641.35,12967.31,Hainaut,Charleroi,0,0
6042,52011,1984,15641.35,12967.31,Hainaut,Charleroi,0,0
6043,52011,1984,15641.35,12967.31,Hainaut,Charleroi,0,0
6044,52011,1984,15641.35,12967.31,Hainaut,Charleroi,0,0
6060,52011,1984,15641.35,12967.31,Hainaut,Charleroi,0,0
6061,52011,1984,15641.35,12967.31,Hainaut,Charleroi,0,0
6110,52048,665,24617.23,19940.09,Hainaut,Montigny-le-Tilleul,7,7
6111,52048,665,24617.23,19940.09,Hainaut,Montigny-le-Tilleul,7,7
6120,56086,302,26052.14,20479.67,Hainaut,Ham-sur-Heure-Nalinnes,13,13
6140,52022,632,18738.39,14777.62,Hainaut,Fontaine-l’Evêque,10,10
6141,52022,632,18738.39,14777.62,Hainaut,Fontaine-l’Evêque,10,10
6142,52022,632,18738.39,14777.62,Hainaut,Fontaine-l’Evêque,10,10
6150,56001,744,18446.62,14607.78,Hainaut,Anderlues,13,13
6180,52015,703,18472.58,14661.65,Hainaut,Courcelles,10,10
6181,52015,703,18472.58,14661.65,Hainaut,Courcelles,10,10
6182,52015,703,18472.58,14661.65,Hainaut,Courcelles,10,10
6183,52015,703,18472.58,14661.65,Hainaut,Courcelles,10,10
6200,52012,1301,16719.6,13332.3,Hainaut,Châtelet,7,7
6210,52075,223,24497.63,19153.48,Hainaut,Les Bons Villers,15,15
6211,52075,223,24497.63,19153.48,Hainaut,Les Bons Villers,15,15
6220,52021,385,19188.66,15241.75,Hainaut,Fleurus,13,13
6221,52021,385,19188.66,15241.75,Hainaut,Fleurus,13,13
6222,52021,385,19188.66,15241.75,Hainaut,Fleurus,13,13
6223,52021,385,19188.66,15241.75,Hainaut,Fleurus,13,13
6224,52021,385,19188.66,15241.75,Hainaut,Fleurus,13,13
6230,52055,314,23298.52,18127.43,Hainaut,Pont-à-Celles,16,16
6238,52055,314,23298.52,18127.43,Hainaut,Pont-à-Celles,16,16
6240,52018,1099,14398.31,11578.84,Hainaut,Farciennes,9,9
6250,52074,489,18992.94,15142.35,Hainaut,Aiseau-Presles,12,12
6280,52025,269,25030.84,19953.74,Hainaut,Gerpinnes,13,13
6440,56029,47,19284.83,14538.99,Hainaut,Froidchapelle,38,38
6441,56029,47,19284.83,14538.99,Hainaut,Froidchapelle,38,38
6460,56016,48,18619.63,14336.58,Hainaut,Chimay,51,51
6461,56016,48,18619.63,14336.58,Hainaut,Chimay,51,51
6462,56016,48,18619.63,14336.58,Hainaut,Chimay,51,51
6463,56016,48,18619.63,14336.58,Hainaut,Chimay,51,51
6464,56016,48,18619.63,14336.58,Hainaut,Chimay,51,51
6470,56088,66,19804.15,15236.04,Hainaut,Sivry-Rance,37,37
6500,56005,76,20505.16,15673.8,Hainaut,Beaumont,26,26
6511,56005,76,20505.16,15673.8,Hainaut,Beaumont,26,26
6530,56078,193,22481.51,17861.18,Hainaut,Thuin,17,17
6531,56078,193,22481.51,17861.18,Hainaut,Thuin,17,17
6532,56078,193,22481.51,17861.18,Hainaut,Thuin,17,17
6533,56078,193,22481.51,17861.18,Hainaut,Thuin,17,17
6534,56078,193,22481.51,17861.18,Hainaut,Thuin,17,17
6536,56078,193,22481.51,17861.18,Hainaut,Thuin,17,17
6540,56044,184,22330.5,17772.6,Hainaut,Lobbes,17,17
6542,56044,184,22330.5,17772.6,Hainaut,Lobbes,17,17
6543,56044,184,22330.5,17772.6,Hainaut,Lobbes,17,17
6560,56022,225,18161.18,14309.86,Hainaut,Erquelinnes,34,22
6567,56049,136,19561.09,15182.2,Hainaut,Merbes-le-Château,29,21
6590,56051,60,16879.11,13262.28,Hainaut,Momignies,59,59
6591,56051,60,16879.11,13262.28,Hainaut,Momignies,59,59
6592,56051,60,16879.11,13262.28,Hainaut,Momignies,59,59
6593,56051,60,16879.11,13262.28,Hainaut,Momignies,59,59
6594,56051,60,16879.11,13262.28,Hainaut,Momignies,59,59
6596,56051,60,16879.11,13262.28,Hainaut,Momignies,59,59
6600,82003,97,20293.94,15760.91,Luxembourg,Bastogne,85,85
6630,81013,68,20601.85,16650.47,Luxembourg,Martelange,106,106
6637,82009,32,21623.87,17079.36,Luxembourg,Fauvillers,106,106
6640,82036,46,20538.46,15902.92,Luxembourg,Vaux-sur-Sûre,99,95
6642,82036,46,20538.46,15902.92,Luxembourg,Vaux-sur-Sûre,99,95
6660,82014,31,20100.34,15816.75,Luxembourg,Houffalize,69,69
6661,82014,31,20100.34,15816.75,Luxembourg,Houffalize,69,69
6662,82014,31,20100.34,15816.75,Luxembourg,Houffalize,69,69
6663,82014,31,20100.34,15816.75,Luxembourg,Houffalize,69,69
6666,82014,31,20100.34,15816.75,Luxembourg,Houffalize,69,69
6670,82037,33,19093.22,14788.83,Luxembourg,Gouvy,72,72
6671,82037,33,19093.22,14788.83,Luxembourg,Gouvy,72,72
6672,82037,33,19093.22,14788.83,Luxembourg,Gouvy,72,72
6673,82037,33,19093.22,14788.83,Luxembourg,Gouvy,72,72
6674,82037,33,19093.22,14788.83,Luxembourg,Gouvy,72,72
6680,82038,27,18875.23,15285.1,Luxembourg,Sainte-Ode,97,76
6681,82038,27,18875.23,15285.1,Luxembourg,Sainte-Ode,97,76
6686,82005,41,20338.63,15733.27,Luxembourg,Bertogne,81,81
6687,82005,41,20338.63,15733.27,Luxembourg,Bertogne,81,81
6688,82005,41,20338.63,15733.27,Luxembourg,Bertogne,81,81
6690,82032,56,19509.72,15465.52,Luxembourg,Vielsalm,68,68
6692,82032,56,19509.72,15465.52,Luxembourg,Vielsalm,68,68
6698,82032,56,19509.72,15465.52,Luxembourg,Vielsalm,68,68
6700,81001,262,24847.89,20239.18,Luxembourg,Arlon,125,124
6704,81001,262,24847.89,20239.18,Luxembourg,Arlon,125,124
6706,81001,262,24847.89,20239.18,Luxembourg,Arlon,125,124
6717,81003,81,29955.47,22473.64,Luxembourg,Attert,116,116
6720,85046,84,24090.15,18759.23,Luxembourg,Habay,122,110
6721,85046,84,24090.15,18759.23,Luxembourg,Habay,122,110
6723,85046,84,24090.15,18759.23,Luxembourg,Habay,122,110
6724,85046,84,24090.15,18759.23,Luxembourg,Habay,122,110
6730,85039,56,22222.1,16792.22,Luxembourg,Tintigny,130,108
6740,85009,75,25189.45,19729.98,Luxembourg,Etalle,130,113
6741,85009,75,25189.45,19729.98,Luxembourg,Etalle,130,113
6742,85009,75,25189.45,19729.98,Luxembourg,Etalle,130,113
6743,85009,75,25189.45,19729.98,Luxembourg,Etalle,130,113
6747,85034,102,23889.26,19034.81,Luxembourg,Saint-Léger,138,124
6750,85026,131,21963.89,17051.43,Luxembourg,Musson,143,138
6760,85045,118,20743.58,16315.23,Luxembourg,Virton,144,128
6761,85045,118,20743.58,16315.23,Luxembourg,Virton,144,128
6762,85045,118,20743.58,16315.23,Luxembourg,Virton,144,128
6767,85047,76,20213.7,15880.36,Luxembourg,Rouvroy,147,131
6769,85024,51,20794.95,16253.47,Luxembourg,Meix-devant-Virton,141,125
6780,81015,162,26040.58,20534.57,Luxembourg,Messancy,135,132
6781,81015,162,26040.58,20534.57,Luxembourg,Messancy,135,132
6782,81015,162,26040.58,20534.57,Luxembourg,Messancy,135,132
6790,81004,386,19429.89,16027.64,Luxembourg,Aubange,139,137
6791,81004,386,19429.89,16027.64,Luxembourg,Aubange,139,137
6792,81004,386,19429.89,16027.64,Luxembourg,Aubange,139,137
6800,84077,66,21132.73,16785.37,Luxembourg,Libramont-Chevigny,109,79
6810,85007,46,20441.19,16093.68,Luxembourg,Chiny,132,111
6811,85007,46,20441.19,16093.68,Luxembourg,Chiny,132,111
6812,85007,46,20441.19,16093.68,Luxembourg,Chiny,132,111
6813,85007,46,20441.19,16093.68,Luxembourg,Chiny,132,111
6820,85011,39,19601.9,15610.13,Luxembourg,Florenville,134,109
6821,85011,39,19601.9,15610.13,Luxembourg,Florenville,134,109
6823,85011,39,19601.9,15610.13,Luxembourg,Florenville,134,109
6824,85011,39,19601.9,15610.13,Luxembourg,Florenville,134,109
6830,84010,36,19330.16,15089.01,Luxembourg,Bouillon,125,91
6831,84010,36,19330.16,15089.01,Luxembourg,Bouillon,125,91
6832,84010,36,19330.16,15089.01,Luxembourg,Bouillon,125,91
6833,84010,36,19330.16,15089.01,Luxembourg,Bouillon,125,91
6834,84010,36,19330.16,15089.01,Luxembourg,Bouillon,125,91
6836,84010,36,19330.16,15089.01,Luxembourg,Bouillon,125,91
6838,84010,36,19330.16,15089.01,Luxembourg,Bouillon,125,91
6840,84043,72,20514.34,16138.04,Luxembourg,Neufchâteau,112,88
6850,84050,49,19720.79,15081.29,Luxembourg,Paliseul,112,76
6851,84050,49,19720.79,15081.29,Luxembourg,Paliseul,112,76
6852,84050,49,19720.79,15081.29,Luxembourg,Paliseul,112,76
6853,84050,49,19720.79,15081.29,Luxembourg,Paliseul,112,76
6856,84050,49,19720.79,15081.29,Luxembourg,Paliseul,112,76
6860,84033,33,21840.94,16847.73,Luxembourg,Léglise,113,97
6870,84059,50,19681.18,15825.34,Luxembourg,Saint-Hubert,96,75
6880,84009,65,19565.43,15341.46,Luxembourg,Bertrix,119,83
6887,84029,29,19998.23,15681.7,Luxembourg,Herbeumont,130,98
6890,84035,38,21077.12,16521.0,Luxembourg,Libin,102,66
6900,83034,147,20498.3,15843.2,Luxembourg,Marche-en-Famenne,58,46
6920,84075,46,20602.3,15620.2,Luxembourg,Wellin,73,51
6921,84075,46,20602.3,15620.2,Luxembourg,Wellin,73,51
6922,84075,46,20602.3,15620.2,Luxembourg,Wellin,73,51
6924,84075,46,20602.3,15620.2,Luxembourg,Wellin,73,51
6927,84068,44,21138.68,16160.47,Luxembourg,Tellin,81,58
6929,84016,25,18703.45,14854.13,Luxembourg,Daverdisse,79,64
6940,83012,73,20082.64,15546.65,Luxembourg,Durbuy,46,46
6941,83012,73,20082.64,15546.65,Luxembourg,Durbuy,46,46
6950,83040,50,20599.22,16174.84,Luxembourg,Nassogne,87,59
6951,83040,50,20599.22,16174.84,Luxembourg,Nassogne,87,59
6952,83040,50,20599.22,16174.84,Luxembourg,Nassogne,87,59
6953,83040,50,20599.22,16174.84,Luxembourg,Nassogne,87,59
6960,83055,30,21038.72,16508.65,Luxembourg,Manhay,48,48
6970,83049,31,21266.95,16394.41,Luxembourg,Tenneville,84,68
6971,83049,31,21266.95,16394.41,Luxembourg,Tenneville,84,68
6972,83049,31,21266.95,16394.41,Luxembourg,Tenneville,84,68
6980,83031,27,20346.31,15107.13,Luxembourg,La Roche-en-Ardenne,71,66
6982,83031,27,20346.31,15107.13,Luxembourg,La Roche-en-Ardenne,71,66
6983,83031,27,20346.31,15107.13,Luxembourg,La Roche-en-Ardenne,71,66
6984,83031,27,20346.31,15107.13,Luxembourg,La Roche-en-Ardenne,71,66
6986,83031,27,20346.31,15107.13,Luxembourg,La Roche-en-Ardenne,71,66
6987,83044,39,20129.06,15263.99,Luxembourg,Rendeux,62,61
6990,83028,100,19440.2,14948.33,Luxembourg,Hotton,56,55
6997,83013,42,21018.99,15936.07,Luxembourg,Erezée,53,53
7000,53053,653,19054.19,15353.56,Hainaut,Mons,37,0
7010,53053,653,19054.19,15353.56,Hainaut,Mons,37,0
7011,53053,653,19054.19,15353.56,Hainaut,Mons,37,0
7012,53053,653,19054.19,15353.56,Hainaut,Mons,37,0
7020,53053,653,19054.19,15353.56,Hainaut,Mons,37,0
7021,53053,653,19054.19,15353.56,Hainaut,Mons,37,0
7022,53053,653,19054.19,15353.56,Hainaut,Mons,37,0
7024,53053,653,19054.19,15353.56,Hainaut,Mons,37,0
7030,53053,653,19054.19,15353.56,Hainaut,Mons,37,0
7031,53053,653,19054.19,15353.56,Hainaut,Mons,37,0
7032,53053,653,19054.19,15353.56,Hainaut,Mons,37,0
7033,53053,653,19054.19,15353.56,Hainaut,Mons,37,0
7034,53053,653,19054.19,15353.56,Hainaut,Mons,37,0
7040,53084,124,22521.78,17951.65,Hainaut,Quévy,32,12
7041,53084,124,22521.78,17951.65,Hainaut,Quévy,32,12
7050,53044,186,23798.97,18840.7,Hainaut,Jurbise,50,10
7060,55040,260,20782.72,16636.8,Hainaut,Soignies,41,16
7061,55040,260,20782.72,16636.8,Hainaut,Soignies,41,16
7062,55040,260,20782.72,16636.8,Hainaut,Soignies,41,16
7063,55040,260,20782.72,16636.8,Hainaut,Soignies,41,16
7070,55035,200,22527.52,17898.61,Hainaut,Le Roeulx,32,7
7080,53028,830,18317.94,14745.33,Hainaut,Frameries,44,8
7090,55004,276,21873.94,17571.89,Hainaut,Braine-le-Comte,39,19
7100,58001,1258,17501.36,14092.28,Hainaut,La Louvière,26,0
7110,58001,1258,17501.36,14092.28,Hainaut,La Louvière,26,0
7120,58003,108,21538.75,16618.98,Hainaut,Estinnes,26,14
7130,58002,549,19558.78,15356.4,Hainaut,Binche,21,10
7131,58002,549,19558.78,15356.4,Hainaut,Binche,21,10
7133,58002,549,19558.78,15356.4,Hainaut,Binche,21,10
7134,58002,549,19558.78,15356.4,Hainaut,Binche,21,10
7140,58004,940,19224.59,15052.2,Hainaut,Morlanwelz,20,7
7141,58004,940,19224.59,15052.2,Hainaut,Morlanwelz,20,7
7160,52010,815,19228.18,14818.5,Hainaut,Chapelle-lez-Herlaimont,16,9
7170,55086,1240,17883.71,14326.89,Hainaut,Manage,23,4
7180,55085,182,23754.49,18420.07,Hainaut,Seneffe,25,9
7181,55085,182,23754.49,18420.07,Hainaut,Seneffe,25,9
7190,55050,331,21182.46,16839.19,Hainaut,Ecaussinnes,33,13
7191,55050,331,21182.46,16839.19,Hainaut,Ecaussinnes,33,13
7300,53014,1010,16770.07,13556.05,Hainaut,Boussu,56,13
7301,53014,1010,16770.07,13556.05,Hainaut,Boussu,56,13
7320,51009,271,19856.32,15380.62,Hainaut,Bernissart,68,26
7321,51009,271,19856.32,15380.62,Hainaut,Bernissart,68,26
7322,51009,271,19856.32,15380.62,Hainaut,Bernissart,68,26
7330,53070,336,20658.02,16369.91,Hainaut,Saint-Ghislain,54,13
7331,53070,336,20658.02,16369.91,Hainaut,Saint-Ghislain,54,13
7332,53070,336,20658.02,16369.91,Hainaut,Saint-Ghislain,54,13
7333,53070,336,20658.02,16369.91,Hainaut,Saint-Ghislain,54,13
7334,53070,336,20658.02,16369.91,Hainaut,Saint-Ghislain,54,13
7340,53082,1509,15980.79,12801.66,Hainaut,Colfontaine,54,11
7350,53039,258,19113.63,14794.94,Hainaut,Hensies,66,22
7370,53020,492,18080.11,14370.56,Hainaut,Dour,62,17
7380,53068,319,17541.93,14199.23,Hainaut,Quiévrain,67,22
7382,53068,319,17541.93,14199.23,Hainaut,Quiévrain,67,22
7387,53083,116,21962.36,17190.21,Hainaut,Honnelles,74,30
7390,53065,1691,16532.96,13296.7,Hainaut,Quaregnon,44,8
7500,57081,318,20732.54,16454.35,Hainaut,Tournai,70,28
7501,57081,318,20732.54,16454.35,Hainaut,Tournai,70,28
7502,57081,318,20732.54,16454.35,Hainaut,Tournai,70,28
7503,57081,318,20732.54,16454.35,Hainaut,Tournai,70,28
7504,57081,318,20732.54,16454.35,Hainaut,Tournai,70,28
7506,57081,318,20732.54,16454.35,Hainaut,Tournai,70,28
7520,57081,318,20732.54,16454.35,Hainaut,Tournai,70,28
7521,57081,318,20732.54,16454.35,Hainaut,Tournai,70,28
7522,57081,318,20732.54,16454.35,Hainaut,Tournai,70,28
7530,57081,318,20732.54,16454.35,Hainaut,Tournai,70,28
7531,57081,318,20732.54,16454.35,Hainaut,Tournai,70,28
7532,57081,318,20732.54,16454.35,Hainaut,Tournai,70,28
7533,57081,318,20732.54,16454.35,Hainaut,Tournai,70,28
7534,57081,318,20732.54,16454.35,Hainaut,Tournai,70,28
7536,57081,318,20732.54,16454.35,Hainaut,Tournai,70,28
7538,57081,318,20732.54,16454.35,Hainaut,Tournai,70,28
7540,57081,318,20732.54,16454.35,Hainaut,Tournai,70,28
7542,57081,318,20732.54,16454.35,Hainaut,Tournai,70,28
7543,57081,318,20732.54,16454.35,Hainaut,Tournai,70,28
7548,57081,318,20732.54,16454.35,Hainaut,Tournai,70,28
7600,57064,283,19247.7,14834.54,Hainaut,Péruwelz,74,31
7601,57064,283,19247.7,14834.54,Hainaut,Péruwelz,74,31
7602,57064,283,19247.7,14834.54,Hainaut,Péruwelz,74,31
7603,57064,283,19247.7,14834.54,Hainaut,Péruwelz,74,31
7604,57064,283,19247.7,14834.54,Hainaut,Péruwelz,74,31
7608,57064,283,19247.7,14834.54,Hainaut,Péruwelz,74,31
7610,57072,222,19770.79,16039.14,Hainaut,Rumes,78,36
7611,57072,222,19770.79,16039.14,Hainaut,Rumes,78,36
7618,57072,222,19770.79,16039.14,Hainaut,Rumes,78,36
7620,57093,174,20916.44,15796.73,Hainaut,Brunehaut,81,39
7621,57093,174,20916.44,15796.73,Hainaut,Brunehaut,81,39
7622,57093,174,20916.44,15796.73,Hainaut,Brunehaut,81,39
7623,57093,174,20916.44,15796.73,Hainaut,Brunehaut,81,39
7624,57093,174,20916.44,15796.73,Hainaut,Brunehaut,81,39
7640,57003,243,19317.09,15200.77,Hainaut,Antoing,77,36
7641,57003,243,19317.09,15200.77,Hainaut,Antoing,77,36
7642,57003,243,19317.09,15200.77,Hainaut,Antoing,77,36
7643,57003,243,19317.09,15200.77,Hainaut,Antoing,77,36
7700,57096,1476,17739.5,14521.1,Hainaut,Mouscron,56,14
7711,57096,1476,17739.5,14521.1,Hainaut,Mouscron,56,14
7712,57096,1476,17739.5,14521.1,Hainaut,Mouscron,56,14
7730,57027,335,20259.62,15965.39,Hainaut,Estaimpuis,65,24
7740,57062,179,21008.52,16292.66,Hainaut,Pecq,60,18
7742,57062,179,21008.52,16292.66,Hainaut,Pecq,60,18
7743,57062,179,21008.52,16292.66,Hainaut,Pecq,60,18
7750,57095,142,21877.15,16977.0,Hainaut,Mont-de-l’Enclus,44,24
7760,57018,84,20815.68,16344.5,Hainaut,Celles,48,25
7780,57097,299,17470.37,14196.4,Hainaut,Comines-Warneton,68,23
7781,57097,299,17470.37,14196.4,Hainaut,Comines-Warneton,68,23
7782,57097,299,17470.37,14196.4,Hainaut,Comines-Warneton,68,23
7783,57097,299,17470.37,14196.4,Hainaut,Comines-Warneton,68,23
7784,57097,299,17470.37,14196.4,Hainaut,Comines-Warneton,68,23
7800,51004,234,22299.59,17497.43,Hainaut,Ath,56,26
7801,51004,234,22299.59,17497.43,Hainaut,Ath,56,26
7802,51004,234,22299.59,17497.43,Hainaut,Ath,56,26
7803,51004,234,22299.59,17497.43,Hainaut,Ath,56,26
7804,51004,234,22299.59,17497.43,Hainaut,Ath,56,26
7810,51004,234,22299.59,17497.43,Hainaut,Ath,56,26
7811,51004,234,22299.59,17497.43,Hainaut,Ath,56,26
7812,51004,234,22299.59,17497.43,Hainaut,Ath,56,26
7822,51004,234,22299.59,17497.43,Hainaut,Ath,56,26
7823,51004,234,22299.59,17497.43,Hainaut,Ath,56,26
7830,51068,123,25093.87,19361.94,Hainaut,Silly,50,27
7850,51067,368,22527.39,18603.35,Hainaut,Enghien,39,30
7860,51069,257,20057.53,16112.13,Hainaut,Lessines,45,36
7861,51069,257,20057.53,16112.13,Hainaut,Lessines,45,36
7862,51069,257,20057.53,16112.13,Hainaut,Lessines,45,36
7863,51069,257,20057.53,16112.13,Hainaut,Lessines,45,36
7864,51069,257,20057.53,16112.13,Hainaut,Lessines,45,36
7866,51069,257,20057.53,16112.13,Hainaut,Lessines,45,36
7870,53046,93,21295.81,16918.36,Hainaut,Lens,53,13
7880,51019,147,22655.32,17822.52,Hainaut,Flobecq,49,41
7890,51017,132,22769.11,17481.45,Hainaut,Ellezelles,45,40
7900,57094,190,20685.71,16495.77,Hainaut,Leuze-en-Hainaut,68,36
7901,57094,190,20685.71,16495.77,Hainaut,Leuze-en-Hainaut,68,36
7903,57094,190,20685.71,16495.77,Hainaut,Leuze-en-Hainaut,68,36
7904,57094,190,20685.71,16495.77,Hainaut,Leuze-en-Hainaut,68,36
7906,57094,190,20685.71,16495.77,Hainaut,Leuze-en-Hainaut,68,36
7910,51065,107,22088.56,17050.77,Hainaut,Frasnes-lez-Anvaing,63,40
7911,51065,107,22088.56,17050.77,Hainaut,Frasnes-lez-Anvaing,63,40
7912,51065,107,22088.56,17050.77,Hainaut,Frasnes-lez-Anvaing,63,40
7940,51012,134,21254.74,16162.82,Hainaut,Brugelette,59,19
7941,51012,134,21254.74,16162.82,Hainaut,Brugelette,59,19
7942,51012,134,21254.74,16162.82,Hainaut,Brugelette,59,19
7943,51012,134,21254.74,16162.82,Hainaut,Brugelette,59,19
7950,51014,151,21100.23,16756.31,Hainaut,Chièvres,61,21
7951,51014,151,21100.23,16756.31,Hainaut,Chièvres,61,21
7970,51008,228,20529.87,15996.27,Hainaut,Beloeil,65,24
7971,51008,228,20529.87,15996.27,Hainaut,Beloeil,65,24
7972,51008,228,20529.87,15996.27,Hainaut,Beloeil,65,24
7973,51008,228,20529.87,15996.27,Hainaut,Beloeil,65,24
8000,31005,850,24065.44,19179.29,West-Vlaanderen,Brugge,50,0
8020,31022,302,24377.96,18990.9,West-Vlaanderen,Oostkamp,43,7
8200,31005,850,24065.44,19179.29,West-Vlaanderen,Brugge,50,0
8210,31040,386,24058.65,18474.8,West-Vlaanderen,Zedelgem,51,11
8211,31040,386,24058.65,18474.8,West-Vlaanderen,Zedelgem,51,11
8300,31043,527,32740.1,24109.0,West-Vlaanderen,Knokke-Heist,53,18
8301,31043,527,32740.1,24109.0,West-Vlaanderen,Knokke-Heist,53,18
8310,31005,850,24065.44,19179.29,West-Vlaanderen,Brugge,50,0
8340,31006,124,24257.74,18755.21,West-Vlaanderen,Damme,48,7
8370,31004,1081,22305.96,17426.84,West-Vlaanderen,Blankenberge,62,14
8377,31042,54,25033.62,19339.64,West-Vlaanderen,Zuienkerke,59,9
8380,31005,850,24065.44,19179.29,West-Vlaanderen,Brugge,50,0
8400,35013,1772,21690.8,17362.98,West-Vlaanderen,Oostende,68,26
8420,35029,275,25630.11,19845.84,West-Vlaanderen,De Haan,66,17
8421,35029,275,25630.11,19845.84,West-Vlaanderen,De Haan,66,17
8430,35011,251,23338.2,17597.33,West-Vlaanderen,Middelkerke,75,33
8431,35011,251,23338.2,17597.33,West-Vlaanderen,Middelkerke,75,33
8432,35011,251,23338.2,17597.33,West-Vlaanderen,Middelkerke,75,33
8433,35011,251,23338.2,17597.33,West-Vlaanderen,Middelkerke,75,33
8434,35011,251,23338.2,17597.33,West-Vlaanderen,Middelkerke,75,33
8450,35002,1275,23038.01,18154.7,West-Vlaanderen,Bredene,67,22
8460,35014,279,22601.61,17678.6,West-Vlaanderen,Oudenburg,61,19
8470,35005,285,22614.29,17545.16,West-Vlaanderen,Gistel,64,27
8480,35006,317,21693.55,16669.28,West-Vlaanderen,Ichtegem,63,21
8490,31012,275,25749.36,19951.78,West-Vlaanderen,Jabbeke,54,11
8500,34022,991,22379.1,18118.34,West-Vlaanderen,Kortrijk,44,0
8501,34022,991,22379.1,18118.34,West-Vlaanderen,Kortrijk,44,0
8510,34022,991,22379.1,18118.34,West-Vlaanderen,Kortrijk,44,0
8511,34022,991,22379.1,18118.34,West-Vlaanderen,Kortrijk,44,0
8520,34023,1398,21701.85,17382.42,West-Vlaanderen,Kuurne,41,4
8530,34013,1017,22145.4,17666.08,West-Vlaanderen,Harelbeke,39,5
8531,34013,1017,22145.4,17666.08,West-Vlaanderen,Harelbeke,39,5
8540,34009,746,23216.51,18097.33,West-Vlaanderen,Deerlijk,39,7
8550,34042,405,23173.58,18403.72,West-Vlaanderen,Zwevegem,43,6
8551,34042,405,23173.58,18403.72,West-Vlaanderen,Zwevegem,43,6
8552,34042,405,23173.58,18403.72,West-Vlaanderen,Zwevegem,43,6
8553,34042,405,23173.58,18403.72,West-Vlaanderen,Zwevegem,43,6
8554,34042,405,23173.58,18403.72,West-Vlaanderen,Zwevegem,43,6
8560,34041,814,22416.24,17709.52,West-Vlaanderen,Wevelgem,53,7
8570,34002,357,23651.55,18481.73,West-Vlaanderen,Anzegem,36,19
8572,34002,357,23651.55,18481.73,West-Vlaanderen,Anzegem,36,19
8573,34002,357,23651.55,18481.73,West-Vlaanderen,Anzegem,36,19
8580,34003,470,22036.38,17297.9,West-Vlaanderen,Avelgem,41,16
8581,34003,470,22036.38,17297.9,West-Vlaanderen,Avelgem,41,16
8582,34003,470,22036.38,17297.9,West-Vlaanderen,Avelgem,41,16
8583,34003,470,22036.38,17297.9,West-Vlaanderen,Avelgem,41,16
8587,34043,190,21629.23,16442.52,West-Vlaanderen,Spiere-Helkijn,58,16
8600,32003,114,21147.76,16285.21,West-Vlaanderen,Diksmuide,75,39
8610,32011,231,20949.38,16431.54,West-Vlaanderen,Kortemark,62,27
8620,38016,344,24003.17,18189.68,West-Vlaanderen,Nieuwpoort,83,44
8630,38025,129,21980.62,16966.94,West-Vlaanderen,Veurne,90,54
8640,33041,93,19729.84,15026.76,West-Vlaanderen,Vleteren,89,44
8647,32030,50,20459.1,15363.56,West-Vlaanderen,Lo-Reninge,87,48
8650,32006,186,20376.72,15799.64,West-Vlaanderen,Houthulst,70,34
8660,38008,413,23454.95,17700.57,West-Vlaanderen,De Panne,94,57
8670,38014,427,29943.28,23525.86,West-Vlaanderen,Koksijde,91,54
8680,32010,223,21485.05,16618.02,West-Vlaanderen,Koekelare,68,27
8690,38002,62,20982.36,15162.23,West-Vlaanderen,Alveringem,88,54
8691,38002,62,20982.36,15162.23,West-Vlaanderen,Alveringem,88,54
8700,37015,299,22389.91,17741.62,West-Vlaanderen,Tielt,34,22
8710,37017,462,21757.44,17048.14,West-Vlaanderen,Wielsbeke,33,15
8720,37002,334,22514.81,17384.45,West-Vlaanderen,Dentergem,28,22
8730,31003,224,23618.81,18400.66,West-Vlaanderen,Beernem,39,13
8740,37011,200,21582.29,16851.44,West-Vlaanderen,Pittem,38,21
8750,37018,221,22507.66,17081.98,West-Vlaanderen,Wingene,41,22
8755,37012,179,22648.64,17376.02,West-Vlaanderen,Ruiselede,31,29
8760,37007,377,21759.58,16862.52,West-Vlaanderen,Meulebeke,39,16
8770,36007,702,21885.54,17187.11,West-Vlaanderen,Ingelmunster,42,12
8780,37010,482,21795.29,16975.62,West-Vlaanderen,Oostrozebeke,37,15
8790,34040,898,23039.1,18369.15,West-Vlaanderen,Waregem,33,15
8791,34040,898,23039.1,18369.15,West-Vlaanderen,Waregem,33,15
8792,34040,898,23039.1,18369.15,West-Vlaanderen,Waregem,33,15
8793,34040,898,23039.1,18369.15,West-Vlaanderen,Waregem,33,15
8800,36015,1097,21783.35,17686.34,West-Vlaanderen,Roeselare,50,20
8810,36011,356,22641.85,17418.76,West-Vlaanderen,Lichtervelde,51,25
8820,31033,462,22443.16,17893.9,West-Vlaanderen,Torhout,59,19
8830,36006,268,22519.29,17618.41,West-Vlaanderen,Hooglede,53,26
8840,36019,249,20701.01,16239.38,West-Vlaanderen,Staden,65,29
8850,37020,267,22170.54,17393.66,West-Vlaanderen,Ardooie,44,20
8851,37020,267,22170.54,17393.66,West-Vlaanderen,Ardooie,44,20
8860,34025,443,22639.59,17852.12,West-Vlaanderen,Lendelede,44,8
8870,36008,1140,21911.49,17625.14,West-Vlaanderen,Izegem,46,13
8880,36010,393,21338.22,16910.58,West-Vlaanderen,Ledegem,60,14
8890,36012,323,21633.45,16748.95,West-Vlaanderen,Moorslede,64,22
8900,33011,270,21773.87,17154.02,West-Vlaanderen,Ieper,76,30
8902,33011,270,21773.87,17154.02,West-Vlaanderen,Ieper,76,30
8904,33011,270,21773.87,17154.02,West-Vlaanderen,Ieper,76,30
8906,33011,270,21773.87,17154.02,West-Vlaanderen,Ieper,76,30
8908,33011,270,21773.87,17154.02,West-Vlaanderen,Ieper,76,30
8920,33040,152,21746.15,16197.41,West-Vlaanderen,Langemark-Poelkapelle,73,33
8930,34027,1037,19797.17,16001.81,West-Vlaanderen,Menen,58,12
8940,33029,438,20260.4,16112.57,West-Vlaanderen,Wervik,65,20
8950,33039,84,20521.81,15338.58,West-Vlaanderen,Heuvelland,83,37
8951,33039,84,20521.81,15338.58,West-Vlaanderen,Heuvelland,83,37
8952,33039,84,20521.81,15338.58,West-Vlaanderen,Heuvelland,83,37
8953,33039,84,20521.81,15338.58,West-Vlaanderen,Heuvelland,83,37
8954,33039,84,20521.81,15338.58,West-Vlaanderen,Heuvelland,83,37
8956,33039,84,20521.81,15338.58,West-Vlaanderen,Heuvelland,83,37
8957,33016,298,16797.24,13372.89,West-Vlaanderen,Mesen,76,30
8958,33039,84,20521.81,15338.58,West-Vlaanderen,Heuvelland,83,37
8970,33021,165,20644.65,15950.98,West-Vlaanderen,Poperinge,88,43
8972,33021,165,20644.65,15950.98,West-Vlaanderen,Poperinge,88,43
8978,33021,165,20644.65,15950.98,West-Vlaanderen,Poperinge,88,43
8980,33037,186,21549.11,16642.05,West-Vlaanderen,Zonnebeke,71,26
9000,44021,1708,22427.8,17896.53,Oost-Vlaanderen,Gent,0,0
9030,44021,1708,22427.8,17896.53,Oost-Vlaanderen,Gent,0,0
9031,44021,1708,22427.8,17896.53,Oost-Vlaanderen,Gent,0,0
9032,44021,1708,22427.8,17896.53,Oost-Vlaanderen,Gent,0,0
9040,44021,1708,22427.8,17896.53,Oost-Vlaanderen,Gent,0,0
9041,44021,1708,22427.8,17896.53,Oost-Vlaanderen,Gent,0,0
9042,44021,1708,22427.8,17896.53,Oost-Vlaanderen,Gent,0,0
9050,44021,1708,22427.8,17896.53,Oost-Vlaanderen,Gent,0,0
9051,44021,1708,22427.8,17896.53,Oost-Vlaanderen,Gent,0,0
9052,44021,1708,22427.8,17896.53,Oost-Vlaanderen,Gent,0,0
9060,43018,995,20819.56,17279.05,Oost-Vlaanderen,Zelzate,23,23
9070,44013,715,27532.19,21728.06,Oost-Vlaanderen,Destelbergen,6,6
9080,44034,379,26203.34,20392.44,Oost-Vlaanderen,Lochristi,11,11
9090,44040,781,26406.44,20625.4,Oost-Vlaanderen,Melle,9,9
9100,46021,972,21033.34,17335.38,Oost-Vlaanderen,Sint-Niklaas,25,0
9111,46021,972,21033.34,17335.38,Oost-Vlaanderen,Sint-Niklaas,25,0
9112,46021,972,21033.34,17335.38,Oost-Vlaanderen,Sint-Niklaas,25,0
9120,46003,332,25129.04,19711.49,Oost-Vlaanderen,Beveren,14,11
9130,46003,332,25129.04,19711.49,Oost-Vlaanderen,Beveren,14,11
9140,46025,779,23164.22,18326.23,Oost-Vlaanderen,Temse,24,7
9150,46013,509,24160.34,19012.17,Oost-Vlaanderen,Kruibeke,13,13
9160,46014,638,22352.64,17762.4,Oost-Vlaanderen,Lokeren,23,14
9170,46020,363,24725.17,18906.48,Oost-Vlaanderen,Sint-Gillis-Waas,26,7
9180,44045,178,24293.67,19077.58,Oost-Vlaanderen,Moerbeke,26,20
9185,44073,228,23989.23,18774.65,Oost-Vlaanderen,Wachtebeke,20,20
9190,46024,432,24143.53,18500.6,Oost-Vlaanderen,Stekene,32,10
9200,42006,834,23427.81,18736.69,Oost-Vlaanderen,Dendermonde,31,13
9220,42008,630,22241.77,17416.33,Oost-Vlaanderen,Hamme,29,9
9230,42025,728,23131.83,18728.73,Oost-Vlaanderen,Wetteren,16,16
9240,42028,646,21573.59,16937.54,Oost-Vlaanderen,Zele,28,17
9250,42023,350,27386.2,21048.71,Oost-Vlaanderen,Waasmunster,29,10
9255,42004,583,25295.6,19991.53,Oost-Vlaanderen,Buggenhout,32,20
9260,42026,518,24518.28,19391.59,Oost-Vlaanderen,Wichelen,24,12
9270,42010,384,26108.4,20436.28,Oost-Vlaanderen,Laarne,13,13
9280,42011,734,23571.5,18742.41,Oost-Vlaanderen,Lebbeke,26,13
9290,42003,405,23822.39,18779.64,Oost-Vlaanderen,Berlare,27,12
9300,41002,1156,22980.72,18787.67,Oost-Vlaanderen,Aalst,28,0
9308,41002,1156,22980.72,18787.67,Oost-Vlaanderen,Aalst,28,0
9310,41002,1156,22980.72,18787.67,Oost-Vlaanderen,Aalst,28,0
9320,41002,1156,22980.72,18787.67,Oost-Vlaanderen,Aalst,28,0
9340,41034,645,25313.1,19601.07,Oost-Vlaanderen,Lede,24,7
9400,41048,552,22642.6,18372.89,Oost-Vlaanderen,Ninove,30,14
9401,41048,552,22642.6,18372.89,Oost-Vlaanderen,Ninove,30,14
9402,41048,552,22642.6,18372.89,Oost-Vlaanderen,Ninove,30,14
9403,41048,552,22642.6,18372.89,Oost-Vlaanderen,Ninove,30,14
9404,41048,552,22642.6,18372.89,Oost-Vlaanderen,Ninove,30,14
9406,41048,552,22642.6,18372.89,Oost-Vlaanderen,Ninove,30,14
9420,41082,610,25063.02,20273.63,Oost-Vlaanderen,Erpe-Mere,25,9
9450,41024,635,24641.19,19926.88,Oost-Vlaanderen,Haaltert,28,7
9451,41024,635,24641.19,19926.88,Oost-Vlaanderen,Haaltert,28,7
9470,41011,1518,22053.69,18457.61,Oost-Vlaanderen,Denderleeuw,22,9
9472,41011,1518,22053.69,18457.61,Oost-Vlaanderen,Denderleeuw,22,9
9473,41011,1518,22053.69,18457.61,Oost-Vlaanderen,Denderleeuw,22,9
9500,41018,437,22543.35,18159.37,Oost-Vlaanderen,Geraardsbergen,38,26
9506,41018,437,22543.35,18159.37,Oost-Vlaanderen,Geraardsbergen,38,26
9520,41063,395,25297.31,19490.06,Oost-Vlaanderen,Sint-Lievens-Houtem,21,16
9521,41063,395,25297.31,19490.06,Oost-Vlaanderen,Sint-Lievens-Houtem,21,16
9550,41027,395,24773.77,19603.77,Oost-Vlaanderen,Herzele,27,15
9551,41027,395,24773.77,19603.77,Oost-Vlaanderen,Herzele,27,15
9552,41027,395,24773.77,19603.77,Oost-Vlaanderen,Herzele,27,15
9570,45063,261,24223.0,19221.79,Oost-Vlaanderen,Lierde,34,25
9571,45063,261,24223.0,19221.79,Oost-Vlaanderen,Lierde,34,25
9572,45063,261,24223.0,19221.79,Oost-Vlaanderen,Lierde,34,25
9600,45041,788,18408.1,14907.77,Oost-Vlaanderen,Ronse,39,33
9620,41081,488,25204.9,20261.01,Oost-Vlaanderen,Zottegem,27,21
9630,45065,246,25237.23,20012.29,Oost-Vlaanderen,Zwalm,28,25
9636,45065,246,25237.23,20012.29,Oost-Vlaanderen,Zwalm,28,25
9660,45059,264,23966.95,18924.76,Oost-Vlaanderen,Brakel,37,29
9661,45059,264,23966.95,18924.76,Oost-Vlaanderen,Brakel,37,29
9667,45062,178,27362.28,20226.61,Oost-Vlaanderen,Horebeke,31,31
9680,45064,136,26069.01,19668.12,Oost-Vlaanderen,Maarkedal,32,32
9681,45064,136,26069.01,19668.12,Oost-Vlaanderen,Maarkedal,32,32
9688,45064,136,26069.01,19668.12,Oost-Vlaanderen,Maarkedal,32,32
9690,45060,224,23597.87,18379.67,Oost-Vlaanderen,Kluisbergen,37,23
9700,45035,474,23898.2,19104.18,Oost-Vlaanderen,Oudenaarde,27,27
9750,45068,222,25484.16,19433.57,Oost-Vlaanderen,Kruisem,26,23
9770,45068,222,25484.16,19433.57,Oost-Vlaanderen,Kruisem,26,23
9771,45068,222,25484.16,19433.57,Oost-Vlaanderen,Kruisem,26,23
9772,45068,222,25484.16,19433.57,Oost-Vlaanderen,Kruisem,26,23
9790,45061,154,25624.57,20110.5,Oost-Vlaanderen,Wortegem-Petegem,33,21
9800,44083,355,24822.68,19295.16,Oost-Vlaanderen,Deinze,18,18
9810,44048,347,26243.25,20385.12,Oost-Vlaanderen,Nazareth,16,16
9820,44043,681,27325.96,21520.25,Oost-Vlaanderen,Merelbeke,8,8
9830,44064,567,33074.17,26946.23,Oost-Vlaanderen,Sint-Martens-Latem,10,10
9831,44064,567,33074.17,26946.23,Oost-Vlaanderen,Sint-Martens-Latem,10,10
9840,44012,623,30664.23,24336.98,Oost-Vlaanderen,De Pinte,12,12
9850,44083,355,24822.68,19295.16,Oost-Vlaanderen,Deinze,18,18
9860,44052,322,26582.42,20540.48,Oost-Vlaanderen,Oosterzele,16,16
9870,44081,491,23410.09,18308.14,Oost-Vlaanderen,Zulte,25,19
9880,44084,248,25085.96,19207.69,Oost-Vlaanderen,Aalter,28,25
9881,44084,248,25085.96,19207.69,Oost-Vlaanderen,Aalter,28,25
9890,44020,421,26320.93,20411.64,Oost-Vlaanderen,Gavere,18,18
9900,43005,735,21718.84,17423.35,Oost-Vlaanderen,Eeklo,23,23
9910,44084,248,25085.96,19207.69,Oost-Vlaanderen,Aalter,28,25
9920,44085,337,24658.74,19318.91,Oost-Vlaanderen,Lievegem,14,14
9921,44085,337,24658.74,19318.91,Oost-Vlaanderen,Lievegem,14,14
9930,44085,337,24658.74,19318.91,Oost-Vlaanderen,Lievegem,14,14
9931,44085,337,24658.74,19318.91,Oost-Vlaanderen,Lievegem,14,14
9932,44085,337,24658.74,19318.91,Oost-Vlaanderen,Lievegem,14,14
9940,44019,489,24558.1,19280.41,Oost-Vlaanderen,Evergem,10,10
9950,44085,337,24658.74,19318.91,Oost-Vlaanderen,Lievegem,14,14
9960,43002,167,24160.82,18678.19,Oost-Vlaanderen,Assenede,29,29
9961,43002,167,24160.82,18678.19,Oost-Vlaanderen,Assenede,29,29
9968,43002,167,24160.82,18678.19,Oost-Vlaanderen,Assenede,29,29
9970,43007,197,24948.57,19174.39,Oost-Vlaanderen,Kaprijke,25,25
9971,43007,197,24948.57,19174.39,Oost-Vlaanderen,Kaprijke,25,25
9980,43014,94,23181.09,17817.29,Oost-Vlaanderen,Sint-Laureins,32,25
9981,43014,94,23181.09,17817.29,Oost-Vlaanderen,Sint-Laureins,32,25
9982,43014,94,23181.09,17817.29,Oost-Vlaanderen,Sint-Laureins,32,25
9988,43014,94,23181.09,17817.29,Oost-Vlaanderen,Sint-Laureins,32,25
9990,43010,258,22659.25,17737.98,Oost-Vlaanderen,Maldegem,33,16
9991,43010,258,22659.25,17737.98,Oost-Vlaanderen,Maldegem,33,16
9992,43010,258,22659.25,17737.98,Oost-Vlaanderen,Maldegem,33,16
